Model,R2,MAE,RMSE,Cross Validation
Random Forest,0.6617196025936204,3.4231292517006793,10.379868619706045,0.8109027445762743
Extra Trees,0.6559112307200978,3.3125170068027217,10.46860201354096,0.8553268990056069
Gradient Boosting,0.65930129189532,3.1735148534961257,10.416904530009042,0.8233461849567334
HistGradientBoosting,0.6449655409960854,4.047186104841386,10.633805047131121,0.8250581982897913
Linear Regression,0.6661699444361187,3.1020763406974967,10.311364944876996,0.9018539418536455
