Feature,Importance
HMR_Hours,0.3701229812840865
Flow_Utilization,0.15894063209715778
Flow Rate,0.15548923236312862
Discharge press,0.06167212535493711
Electrical_Load,0.058154985235253955
Current,0.052275715323526574
Load_Index,0.042999458591369
Pressure_Difference,0.030692881838333796
Pressure_Ratio,0.02776046602898925
Suction press,0.025472053196200984
Voltage,0.016419468687016596
