{
    "intercept": 19.934638531224895,
    "current": -0.007112817317230387,
    "flow": -0.002989841570384135,
    "pressure_ratio": -0.050634007274083986
}